id,type,governance,maturity,delivery,scope,kind,statement
MAN-react-component-actioncard-actioncard,Manifestation,superseded,logic-defined,deprecated,frontend,react-component,Code manifestation discovered by RS-R7 inventory: ActionCard (src/builder/cards/templates/action/ActionCard.tsx).
MAN-react-component-actiondropzone-actiondropzone,Manifestation,superseded,logic-defined,deprecated,frontend,react-component,Code manifestation discovered by RS-R7 inventory: ActionDropZone (src/builder/stage/views/ActionDropZone.tsx).
MAN-react-component-actioneditorsection-actioneditorsection,Manifestation,superseded,logic-defined,deprecated,frontend,react-component,Code manifestation discovered by RS-R7 inventory: ActionEditorSection (src/builder/islands/EditorViewerIsland/ActionEditorSection.tsx).
MAN-react-component-actiontasklist-actiontasklist,Manifestation,superseded,logic-defined,deprecated,frontend,react-component,Code manifestation discovered by RS-R7 inventory: ActionTaskList (src/builder/cards/templates/action/ActionTaskList.tsx).
MAN-react-component-aichatpopup-aichatpopup,Manifestation,superseded,logic-defined,deprecated,frontend,react-component,Code manifestation discovered by RS-R7 inventory: AIChatPopup (src/builder/islands/AIChatPopup/AIChatPopup.tsx).
MAN-react-component-alertmark-alertmark,Manifestation,superseded,logic-defined,deprecated,frontend,react-component,Code manifestation discovered by RS-R7 inventory: AlertMark (src/builder/ui/feedback/AlertMark.tsx).
MAN-react-component-approvalconfirmmodal-approvalconfirmmodal,Manifestation,superseded,logic-defined,deprecated,frontend,react-component,Code manifestation discovered by RS-R7 inventory: ApprovalConfirmModal (src/builder/ui/modals/ApprovalConfirmModal.tsx).
MAN-react-component-badge-badge,Manifestation,superseded,logic-defined,deprecated,frontend,react-component,Code manifestation discovered by RS-R7 inventory: Badge (src/ui/atoms/Badge.tsx).
MAN-react-component-builderbg-builderbg,Manifestation,superseded,logic-defined,deprecated,frontend,react-component,Code manifestation discovered by RS-R7 inventory: BuilderBg (src/ui/BuilderBg/BuilderBg.tsx).
MAN-react-component-builderislandshell-builderislandshell,Manifestation,superseded,logic-defined,deprecated,frontend,react-component,Code manifestation discovered by RS-R7 inventory: BuilderIslandShell (src/builder/islands/BuilderIslandShell.tsx).
MAN-react-component-builderloadingshell-builderloadingshell,Manifestation,proposed,logic-defined,not-assessed,frontend,react-component,Code manifestation discovered by RS-R7 inventory: BuilderLoadingShell (src/builder/BuilderLoadingShell.tsx).
MAN-react-component-builderpage-builderpage,Manifestation,proposed,logic-defined,not-assessed,frontend,react-component,Code manifestation discovered by RS-R7 inventory: BuilderPage (src/builder/BuilderPage.tsx).
MAN-react-component-builderpage-builderworkspacecontent,Manifestation,proposed,logic-defined,not-assessed,frontend,react-component,Code manifestation discovered by RS-R7 inventory: BuilderWorkspaceContent (src/builder/BuilderPage.tsx).
MAN-react-component-button-button,Manifestation,proposed,logic-defined,not-assessed,frontend,react-component,Code manifestation discovered by RS-R7 inventory: Button (src/ui/shadcn/button.tsx).
MAN-react-component-calendargrid-calendargrid,Manifestation,superseded,logic-defined,deprecated,frontend,react-component,Code manifestation discovered by RS-R7 inventory: CalendarGrid (src/ui/forms/date/CalendarGrid.tsx).
MAN-react-component-campaigndetailsgroup-campaigndetailsgroup,Manifestation,superseded,logic-defined,deprecated,frontend,react-component,Code manifestation discovered by RS-R7 inventory: CampaignDetailsGroup (src/builder/islands/MetadataIsland/CampaignDetailsGroup.tsx).
MAN-react-component-cardshell-cardshell,Manifestation,superseded,logic-defined,deprecated,frontend,react-component,Code manifestation discovered by RS-R7 inventory: CardShell (src/builder/cards/CardShell.tsx).
MAN-react-component-cardshellcontent-cardshellcontent,Manifestation,superseded,logic-defined,deprecated,frontend,react-component,Code manifestation discovered by RS-R7 inventory: CardShellContent (src/builder/cards/CardShellContent.tsx).
MAN-react-component-channelcompositionfields-channelcompositionfields,Manifestation,superseded,logic-defined,deprecated,frontend,react-component,Code manifestation discovered by RS-R7 inventory: ChannelCompositionFields (src/builder/ui/forms/channel/ChannelCompositionFields.tsx).
MAN-react-component-channelcompositionselect-channelcompositionselect,Manifestation,superseded,logic-defined,deprecated,frontend,react-component,Code manifestation discovered by RS-R7 inventory: ChannelCompositionSelect (src/builder/ui/forms/channel/ChannelCompositionSelect.tsx).
MAN-react-component-channelpill-channelpill,Manifestation,superseded,logic-defined,deprecated,frontend,react-component,Code manifestation discovered by RS-R7 inventory: ChannelPill (src/builder/cards/templates/task/task-properties/ChannelPill.tsx).
MAN-react-component-chip-chip,Manifestation,superseded,logic-defined,deprecated,frontend,react-component,Code manifestation discovered by RS-R7 inventory: Chip (src/ui/atoms/Chip.tsx).
MAN-react-component-communicationdatefield-communicationdatefield,Manifestation,proposed,logic-defined,not-assessed,frontend,react-component,Code manifestation discovered by RS-R7 inventory: CommunicationDateField (src/ui/forms/date/CommunicationDateField.tsx).
MAN-react-component-completionstateselect-completionstateselect,Manifestation,proposed,logic-defined,not-assessed,frontend,react-component,Code manifestation discovered by RS-R7 inventory: CompletionStateSelect (src/ui/forms/selects/CompletionStateSelect.tsx).
MAN-react-component-compositionlibrarymodal-compositionlibrarymodal,Manifestation,superseded,logic-defined,deprecated,frontend,react-component,Code manifestation discovered by RS-R7 inventory: CompositionLibraryModal (src/builder/ui/forms/channel/CompositionLibraryModal.tsx).
MAN-react-component-createcompositionform-createcompositionform,Manifestation,superseded,logic-defined,deprecated,frontend,react-component,Code manifestation discovered by RS-R7 inventory: CreateCompositionForm (src/builder/islands/TaskCreationFlow/CreateCompositionForm.tsx).
MAN-react-component-datepickerpopup-datepickerpopup,Manifestation,superseded,logic-defined,deprecated,frontend,react-component,Code manifestation discovered by RS-R7 inventory: DatePickerPopup (src/ui/forms/date/DatePickerPopup.tsx).
MAN-react-component-datepickertoggle-datepickertoggle,Manifestation,superseded,logic-defined,deprecated,frontend,react-component,Code manifestation discovered by RS-R7 inventory: DatePickerToggle (src/ui/forms/date/DatePickerToggle.tsx).
MAN-react-component-dayeditorsection-dayeditorsection,Manifestation,superseded,logic-defined,deprecated,frontend,react-component,Code manifestation discovered by RS-R7 inventory: DayEditorSection (src/builder/islands/EditorViewerIsland/DayEditorSection.tsx).
MAN-react-component-daygridcard-daygridcard,Manifestation,superseded,logic-defined,deprecated,frontend,react-component,Code manifestation discovered by RS-R7 inventory: DayGridCard (src/builder/stage/views/DayGridCard.tsx).
MAN-react-component-daygridcardcollapsed-daygridcardcollapsed,Manifestation,superseded,logic-defined,deprecated,frontend,react-component,Code manifestation discovered by RS-R7 inventory: DayGridCardCollapsed (src/builder/stage/views/DayGridCardCollapsed.tsx).
MAN-react-component-daygridcardempty-daygridcardempty,Manifestation,superseded,logic-defined,deprecated,frontend,react-component,Code manifestation discovered by RS-R7 inventory: DayGridCardEmpty (src/builder/stage/views/DayGridCardEmpty.tsx).
MAN-react-component-daytaskcreator-daytaskcreator,Manifestation,superseded,logic-defined,deprecated,frontend,react-component,Code manifestation discovered by RS-R7 inventory: DayTaskCreator (src/builder/stage/views/DayTaskCreator.tsx).
MAN-react-component-deleteconfirmation-deleteconfirmation,Manifestation,superseded,logic-defined,deprecated,frontend,react-component,Code manifestation discovered by RS-R7 inventory: DeleteConfirmation (src/builder/islands/SelectionIsland/DeleteConfirmation.tsx).
MAN-react-component-discardsessionmodal-discardsessionmodal,Manifestation,superseded,logic-defined,deprecated,frontend,react-component,Code manifestation discovered by RS-R7 inventory: DiscardSessionModal (src/builder/islands/EditorViewerIsland/DiscardSessionModal.tsx).
MAN-react-component-dividerline-dividerline,Manifestation,proposed,logic-defined,not-assessed,frontend,react-component,Code manifestation discovered by RS-R7 inventory: DividerLine (src/ui/DividerLine.tsx).
MAN-react-component-droptarget-droptarget,Manifestation,superseded,logic-defined,deprecated,frontend,react-component,Code manifestation discovered by RS-R7 inventory: DropTarget (src/builder/dropzones/DropTarget.tsx).
MAN-react-component-editorheader-editorheader,Manifestation,superseded,logic-defined,deprecated,frontend,react-component,Code manifestation discovered by RS-R7 inventory: EditorHeader (src/builder/islands/EditorViewerIsland/EditorHeader.tsx).
MAN-react-component-editorsessionpill-editorsessionpill,Manifestation,superseded,logic-defined,deprecated,frontend,react-component,Code manifestation discovered by RS-R7 inventory: EditorSessionPill (src/builder/islands/EditorViewerIsland/EditorSessionPill.tsx).
MAN-react-component-editorviewerisland-editorviewerisland,Manifestation,superseded,logic-defined,deprecated,frontend,react-component,Code manifestation discovered by RS-R7 inventory: EditorViewerIsland (src/builder/islands/EditorViewerIsland/EditorViewerIsland.tsx).
MAN-react-component-effectlayer-effectlayer,Manifestation,superseded,logic-defined,deprecated,frontend,react-component,Code manifestation discovered by RS-R7 inventory: EffectLayer (src/ui/motion/EffectLayer.tsx).
MAN-react-component-focusisland-focusisland,Manifestation,superseded,logic-defined,deprecated,frontend,react-component,Code manifestation discovered by RS-R7 inventory: FocusIsland (src/builder/islands/FocusIsland/FocusIsland.tsx).
MAN-react-component-glasssurface-glasssurface,Manifestation,superseded,logic-defined,deprecated,frontend,react-component,Code manifestation discovered by RS-R7 inventory: GlassSurface (src/ui/surfaces/GlassSurface.tsx).
MAN-react-component-header-header,Manifestation,superseded,logic-defined,deprecated,frontend,react-component,Code manifestation discovered by RS-R7 inventory: Header (src/stories/Header.tsx).
MAN-react-component-headerbrandisland-headerbrandisland,Manifestation,superseded,logic-defined,deprecated,frontend,react-component,Code manifestation discovered by RS-R7 inventory: HeaderBrandIsland (src/builder/islands/HeaderBrandIsland.tsx).
MAN-react-component-headeruseractionsmenu-headeruseractionsmenu,Manifestation,superseded,logic-defined,deprecated,frontend,react-component,Code manifestation discovered by RS-R7 inventory: HeaderUserActionsMenu (src/builder/islands/HeaderUserIsland/HeaderUserActionsMenu.tsx).
MAN-react-component-headeruserisland-headeruserisland,Manifestation,superseded,logic-defined,deprecated,frontend,react-component,Code manifestation discovered by RS-R7 inventory: HeaderUserIsland (src/builder/islands/HeaderUserIsland/HeaderUserIsland.tsx).
MAN-react-component-homepage-homepage,Manifestation,superseded,logic-defined,deprecated,frontend,react-component,Code manifestation discovered by RS-R7 inventory: HomePage (src/pages/home/HomePage.tsx).
MAN-react-component-horizontaltaskflow-horizontaltaskflow,Manifestation,superseded,logic-defined,deprecated,frontend,react-component,Code manifestation discovered by RS-R7 inventory: HorizontalTaskFlow (src/builder/cards/templates/phase/HorizontalTaskFlow.tsx).
MAN-react-component-importpreviewmodal-importpreviewmodal,Manifestation,superseded,logic-defined,deprecated,frontend,react-component,Code manifestation discovered by RS-R7 inventory: ImportPreviewModal (src/builder/ui/modals/ImportPreviewModal.tsx).
MAN-react-component-inlinechannelcompositionselector-inlinechannelcompositionselector,Manifestation,proposed,logic-defined,not-assessed,frontend,react-component,Code manifestation discovered by RS-R7 inventory: InlineChannelCompositionSelector (src/builder/ui/forms/channel/InlineChannelCompositionSelector.tsx).
MAN-react-component-inlineislandbutton-inlineislandbutton,Manifestation,superseded,logic-defined,deprecated,frontend,react-component,Code manifestation discovered by RS-R7 inventory: InlineIslandButton (src/builder/ui/buttons/InlineIslandButton.tsx).
MAN-react-component-islandtogglebutton-islandtogglebutton,Manifestation,superseded,logic-defined,deprecated,frontend,react-component,Code manifestation discovered by RS-R7 inventory: IslandToggleButton (src/builder/ui/buttons/IslandToggleButton.tsx).
MAN-react-component-kanbanbuilderisland-kanbanbuilderisland,Manifestation,superseded,logic-defined,deprecated,frontend,react-component,Code manifestation discovered by RS-R7 inventory: KanbanBuilderIsland (src/builder/islands/KanbanBuilderIsland/KanbanBuilderIsland.tsx).
MAN-react-component-kanbanhiddendropzones-kanbanhiddendropzones,Manifestation,superseded,logic-defined,deprecated,frontend,react-component,Code manifestation discovered by RS-R7 inventory: KanbanHiddenDropzones (src/builder/stage/views/KanbanHiddenDropzones.tsx).
MAN-react-component-kanbanview-kanbanview,Manifestation,superseded,logic-defined,deprecated,frontend,react-component,Code manifestation discovered by RS-R7 inventory: KanbanView (src/builder/stage/views/KanbanView.tsx).
MAN-react-component-lightrays-lightrays,Manifestation,superseded,logic-defined,deprecated,frontend,react-component,Code manifestation discovered by RS-R7 inventory: LightRays (src/ui/BuilderBg/LightRays.tsx).
MAN-react-component-linkeddategrid-linkeddategrid,Manifestation,superseded,logic-defined,deprecated,frontend,react-component,Code manifestation discovered by RS-R7 inventory: LinkedDateGrid (src/ui/forms/date/LinkedDateGrid.tsx).
MAN-react-component-listinputlines-listinputlines,Manifestation,superseded,logic-defined,deprecated,frontend,react-component,Code manifestation discovered by RS-R7 inventory: ListInputLines (src/ui/forms/inputs/ListInputLines.tsx).
MAN-react-component-loginredirect-loginredirect,Manifestation,proposed,logic-defined,not-assessed,security,react-component,Code manifestation discovered by RS-R7 inventory: LoginRedirect (src/ui/auth/LoginRedirect.tsx).
MAN-react-component-matrixtimelineheader-matrixtimelineheader,Manifestation,superseded,logic-defined,deprecated,frontend,react-component,Code manifestation discovered by RS-R7 inventory: MatrixTimelineHeader (src/builder/stage/views/MatrixTimelineHeader.tsx).
MAN-react-component-matrixtimelineview-matrixtimelineview,Manifestation,superseded,logic-defined,deprecated,frontend,react-component,Code manifestation discovered by RS-R7 inventory: MatrixTimelineView (src/builder/stage/views/MatrixTimelineView.tsx).
MAN-react-component-menusections-menusectionbutton,Manifestation,proposed,logic-defined,not-assessed,frontend,react-component,Code manifestation discovered by RS-R7 inventory: MenuSectionButton (src/builder/ui/buttons/MenuSections.tsx).
MAN-react-component-metadatadetailscontent-metadatadetailscontent,Manifestation,superseded,logic-defined,deprecated,frontend,react-component,Code manifestation discovered by RS-R7 inventory: MetadataDetailsContent (src/builder/islands/MetadataIsland/MetadataDetailsContent.tsx).
MAN-react-component-metadatafilespopup-metadatafilespopup,Manifestation,superseded,logic-defined,deprecated,frontend,react-component,Code manifestation discovered by RS-R7 inventory: MetadataFilesPopup (src/builder/islands/MetadataIsland/MetadataFilesPopup.tsx).
MAN-react-component-metadataisland-metadataisland,Manifestation,superseded,logic-defined,deprecated,frontend,react-component,Code manifestation discovered by RS-R7 inventory: MetadataIsland (src/builder/islands/MetadataIsland/MetadataIsland.tsx).
MAN-react-component-metadatamodalscontainer-metadatamodalscontainer,Manifestation,superseded,logic-defined,deprecated,frontend,react-component,Code manifestation discovered by RS-R7 inventory: MetadataModalsContainer (src/builder/islands/MetadataIsland/MetadataModalsContainer.tsx).
MAN-react-component-monthlyview-monthlyview,Manifestation,superseded,logic-defined,deprecated,frontend,react-component,Code manifestation discovered by RS-R7 inventory: MonthlyView (src/builder/stage/views/MonthlyView.tsx).
MAN-react-component-noaccessscreen-noaccessscreen,Manifestation,proposed,logic-defined,not-assessed,security,react-component,Code manifestation discovered by RS-R7 inventory: NoAccessScreen (src/ui/auth/NoAccessScreen.tsx).
MAN-react-component-page-page,Manifestation,superseded,logic-defined,deprecated,frontend,react-component,Code manifestation discovered by RS-R7 inventory: Page (src/stories/Page.tsx).
MAN-react-component-phasecard-phasecard,Manifestation,superseded,logic-defined,deprecated,frontend,react-component,Code manifestation discovered by RS-R7 inventory: PhaseCard (src/builder/cards/templates/phase/PhaseCard.tsx).
MAN-react-component-phasedropzone-phasedropzone,Manifestation,superseded,logic-defined,deprecated,frontend,react-component,Code manifestation discovered by RS-R7 inventory: PhaseDropZone (src/builder/stage/views/PhaseDropZone.tsx).
MAN-react-component-phaseeditorsection-phaseeditorsection,Manifestation,superseded,logic-defined,deprecated,frontend,react-component,Code manifestation discovered by RS-R7 inventory: PhaseEditorSection (src/builder/islands/EditorViewerIsland/PhaseEditorSection.tsx).
MAN-react-component-phasereadinessbadge-phasereadinessbadge,Manifestation,superseded,logic-defined,deprecated,frontend,react-component,Code manifestation discovered by RS-R7 inventory: PhaseReadinessBadge (src/builder/cards/templates/phase/PhaseReadinessBadge.tsx).
MAN-react-component-popovershell-popovershell,Manifestation,proposed,logic-defined,not-assessed,frontend,react-component,Code manifestation discovered by RS-R7 inventory: PopoverShell (src/ui/PopoverShell.tsx).
MAN-react-component-propertyoption-propertyoption,Manifestation,superseded,logic-defined,deprecated,frontend,react-component,Code manifestation discovered by RS-R7 inventory: PropertyOption (src/builder/islands/FocusIsland/options/PropertyOption/PropertyOption.tsx).
MAN-react-component-quickeditpopover-quickeditpopover,Manifestation,superseded,logic-defined,deprecated,frontend,react-component,Code manifestation discovered by RS-R7 inventory: QuickEditPopover (src/builder/ui/modals/quick-edit/QuickEditPopover.tsx).
MAN-react-component-quicksubtaskform-quicksubtaskform,Manifestation,superseded,logic-defined,deprecated,frontend,react-component,Code manifestation discovered by RS-R7 inventory: QuickSubtaskForm (src/builder/ui/forms/subtask/QuickSubtaskForm.tsx).
MAN-react-component-readinesscheckcontent-readinesscheckcontent,Manifestation,superseded,logic-defined,deprecated,frontend,react-component,Code manifestation discovered by RS-R7 inventory: ReadinessCheckContent (src/builder/ui/modals/readiness-check-modal/ReadinessCheckContent.tsx).
MAN-react-component-readinesscheckmodal-readinesscheckmodal,Manifestation,superseded,logic-defined,deprecated,frontend,react-component,Code manifestation discovered by RS-R7 inventory: ReadinessCheckModal (src/builder/ui/modals/readiness-check-modal/ReadinessCheckModal.tsx).
MAN-react-component-readymark-readymark,Manifestation,superseded,logic-defined,deprecated,frontend,react-component,Code manifestation discovered by RS-R7 inventory: ReadyMark (src/builder/ui/feedback/ReadyMark.tsx).
MAN-react-component-registrydirectorymodal-registrydirectorymodal,Manifestation,superseded,logic-defined,deprecated,frontend,react-component,Code manifestation discovered by RS-R7 inventory: RegistryDirectoryModal (src/builder/ui/forms/channel/RegistryDirectoryModal.tsx).
MAN-react-component-reviewmodal-reviewmodal,Manifestation,superseded,logic-defined,deprecated,frontend,react-component,Code manifestation discovered by RS-R7 inventory: ReviewModal (src/builder/islands/PreviewReviewModal/ReviewModal.tsx).
MAN-react-component-rootlayout-rootlayout,Manifestation,proposed,logic-defined,not-assessed,frontend,react-component,Code manifestation discovered by RS-R7 inventory: RootLayout (src/pages/RootLayout.tsx).
MAN-react-component-routeguard-routeguard,Manifestation,superseded,logic-defined,deprecated,security,react-component,Code manifestation discovered by RS-R7 inventory: RouteGuard (src/ui/auth/RouteGuard.tsx).
MAN-react-component-routingdirectorysection-routingdirectorysection,Manifestation,superseded,logic-defined,deprecated,frontend,react-component,Code manifestation discovered by RS-R7 inventory: RoutingDirectorySection (src/builder/islands/EditorViewerIsland/TaskEditor/RoutingDirectorySection.tsx).
MAN-react-component-select-select,Manifestation,superseded,logic-defined,deprecated,frontend,react-component,Code manifestation discovered by RS-R7 inventory: Select (src/ui/forms/selects/Select.tsx).
MAN-react-component-selectionbuttons-selectionbuttons,Manifestation,superseded,logic-defined,deprecated,frontend,react-component,Code manifestation discovered by RS-R7 inventory: SelectionButtons (src/builder/islands/SelectionIsland/SelectionButtons.tsx).
MAN-react-component-selectionisland-selectionisland,Manifestation,superseded,logic-defined,deprecated,frontend,react-component,Code manifestation discovered by RS-R7 inventory: SelectionIsland (src/builder/islands/SelectionIsland/SelectionIsland.tsx).
MAN-react-component-selectionlabel-selectionlabel,Manifestation,superseded,logic-defined,deprecated,frontend,react-component,Code manifestation discovered by RS-R7 inventory: SelectionLabel (src/builder/islands/SelectionIsland/SelectionLabel.tsx).
MAN-react-component-smokestage-smokestage,Manifestation,superseded,logic-defined,deprecated,frontend,react-component,Code manifestation discovered by RS-R7 inventory: SmokeStage (src/builder/stage/views/SmokeStage.tsx).
MAN-react-component-specsinput-specsinput,Manifestation,superseded,logic-defined,deprecated,frontend,react-component,Code manifestation discovered by RS-R7 inventory: SpecsInput (src/ui/forms/inputs/SpecsInput.tsx).
MAN-react-component-src-builder-buildererrorboundary,Manifestation,proposed,logic-defined,not-assessed,frontend,react-component,Code manifestation discovered by RS-R7 inventory: BuilderErrorBoundary (src/builder/BuilderErrorBoundary.tsx).
MAN-react-component-src-builder-builderloadingshell,Manifestation,superseded,logic-defined,deprecated,frontend,react-component,Code manifestation discovered by RS-R7 inventory: BuilderLoadingShell (src/builder/BuilderLoadingShell.tsx).
MAN-react-component-src-builder-builderpage,Manifestation,superseded,logic-defined,deprecated,frontend,react-component,Code manifestation discovered by RS-R7 inventory: BuilderPage (src/builder/BuilderPage.tsx).
MAN-react-component-src-builder-cards-cardshell,Manifestation,proposed,logic-defined,not-assessed,frontend,react-component,Code manifestation discovered by RS-R7 inventory: CardShell (src/builder/cards/CardShell.tsx).
MAN-react-component-src-builder-cards-cardshellcontent,Manifestation,proposed,logic-defined,implemented,frontend,react-component,Code manifestation discovered by RS-R7 inventory: CardShellContent (src/builder/cards/CardShellContent.tsx).
MAN-react-component-src-builder-cards-templates-action-actioncard,Manifestation,proposed,logic-defined,not-assessed,frontend,react-component,Code manifestation discovered by RS-R7 inventory: ActionCard (src/builder/cards/templates/action/ActionCard.tsx).
MAN-react-component-src-builder-cards-templates-action-actiontasklist,Manifestation,proposed,logic-defined,not-assessed,frontend,react-component,Code manifestation discovered by RS-R7 inventory: ActionTaskList (src/builder/cards/templates/action/ActionTaskList.tsx).
MAN-react-component-src-builder-cards-templates-phase-horizontaltaskflow,Manifestation,proposed,logic-defined,not-assessed,frontend,react-component,Code manifestation discovered by RS-R7 inventory: HorizontalTaskFlow (src/builder/cards/templates/phase/HorizontalTaskFlow.tsx).
MAN-react-component-src-builder-cards-templates-phase-phasecard,Manifestation,proposed,logic-defined,implemented,frontend,react-component,Code manifestation discovered by RS-R7 inventory: PhaseCard (src/builder/cards/templates/phase/PhaseCard.tsx).
MAN-react-component-src-builder-cards-templates-phase-phasereadinessbadge,Manifestation,proposed,logic-defined,implemented,frontend,react-component,Code manifestation discovered by RS-R7 inventory: PhaseReadinessBadge (src/builder/cards/templates/phase/PhaseReadinessBadge.tsx).
MAN-react-component-src-builder-cards-templates-phase-taskbentogrid,Manifestation,proposed,logic-defined,not-assessed,frontend,react-component,Code manifestation discovered by RS-R7 inventory: TaskBentoGrid (src/builder/cards/templates/phase/TaskBentoGrid.tsx).
MAN-react-component-src-builder-cards-templates-task-task-properties-channelpill,Manifestation,proposed,logic-defined,not-assessed,frontend,react-component,Code manifestation discovered by RS-R7 inventory: ChannelPill (src/builder/cards/templates/task/task-properties/ChannelPill.tsx).
MAN-react-component-src-builder-cards-templates-task-task-properties-taskcardpopovers,Manifestation,proposed,logic-defined,not-assessed,frontend,react-component,Code manifestation discovered by RS-R7 inventory: TaskCardPopovers (src/builder/cards/templates/task/task-properties/TaskCardPopovers.tsx).
MAN-react-component-src-builder-cards-templates-task-task-properties-taskproperties,Manifestation,proposed,logic-defined,not-assessed,frontend,react-component,Code manifestation discovered by RS-R7 inventory: TaskProperties (src/builder/cards/templates/task/task-properties/TaskProperties.tsx).
MAN-react-component-src-builder-cards-templates-task-taskcard,Manifestation,proposed,logic-defined,not-assessed,frontend,react-component,Code manifestation discovered by RS-R7 inventory: TaskCard (src/builder/cards/templates/task/TaskCard.tsx).
MAN-react-component-src-builder-cards-templates-task-taskreadonlypopup,Manifestation,proposed,logic-defined,not-assessed,frontend,react-component,Code manifestation discovered by RS-R7 inventory: TaskReadOnlyPopup (src/builder/cards/templates/task/TaskReadOnlyPopup.tsx).
MAN-react-component-src-builder-dropzones-droptarget,Manifestation,proposed,logic-defined,not-assessed,frontend,react-component,Code manifestation discovered by RS-R7 inventory: DropTarget (src/builder/dropzones/DropTarget.tsx).
MAN-react-component-src-builder-islands-aichatpopup-aichatpopup,Manifestation,proposed,logic-defined,not-assessed,frontend,react-component,Code manifestation discovered by RS-R7 inventory: AIChatPopup (src/builder/islands/AIChatPopup/AIChatPopup.tsx).
MAN-react-component-src-builder-islands-builderislandshell,Manifestation,proposed,logic-defined,not-assessed,frontend,react-component,Code manifestation discovered by RS-R7 inventory: BuilderIslandShell (src/builder/islands/BuilderIslandShell.tsx).
MAN-react-component-src-builder-islands-editorviewerisland-actioneditorsection,Manifestation,proposed,logic-defined,not-assessed,frontend,react-component,Code manifestation discovered by RS-R7 inventory: ActionEditorSection (src/builder/islands/EditorViewerIsland/ActionEditorSection.tsx).
MAN-react-component-src-builder-islands-editorviewerisland-dayeditorsection,Manifestation,proposed,logic-defined,not-assessed,frontend,react-component,Code manifestation discovered by RS-R7 inventory: DayEditorSection (src/builder/islands/EditorViewerIsland/DayEditorSection.tsx).
MAN-react-component-src-builder-islands-editorviewerisland-discardsessionmodal,Manifestation,proposed,logic-defined,not-assessed,frontend,react-component,Code manifestation discovered by RS-R7 inventory: DiscardSessionModal (src/builder/islands/EditorViewerIsland/DiscardSessionModal.tsx).
MAN-react-component-src-builder-islands-editorviewerisland-editorheader,Manifestation,proposed,logic-defined,not-assessed,frontend,react-component,Code manifestation discovered by RS-R7 inventory: EditorHeader (src/builder/islands/EditorViewerIsland/EditorHeader.tsx).
MAN-react-component-src-builder-islands-editorviewerisland-editorsessionpill,Manifestation,proposed,logic-defined,not-assessed,frontend,react-component,Code manifestation discovered by RS-R7 inventory: EditorSessionPill (src/builder/islands/EditorViewerIsland/EditorSessionPill.tsx).
MAN-react-component-src-builder-islands-editorviewerisland-editorviewerisland,Manifestation,proposed,logic-defined,implemented,frontend,react-component,Code manifestation discovered by RS-R7 inventory: EditorViewerIsland (src/builder/islands/EditorViewerIsland/EditorViewerIsland.tsx).
MAN-react-component-src-builder-islands-editorviewerisland-phaseeditorsection,Manifestation,proposed,logic-defined,not-assessed,frontend,react-component,Code manifestation discovered by RS-R7 inventory: PhaseEditorSection (src/builder/islands/EditorViewerIsland/PhaseEditorSection.tsx).
MAN-react-component-src-builder-islands-editorviewerisland-taskeditor-routingdirectorysection,Manifestation,proposed,logic-defined,implemented,frontend,react-component,Code manifestation discovered by RS-R7 inventory: RoutingDirectorySection (src/builder/islands/EditorViewerIsland/TaskEditor/RoutingDirectorySection.tsx).
MAN-react-component-src-builder-islands-editorviewerisland-taskeditor-taskeditor,Manifestation,proposed,logic-defined,not-assessed,frontend,react-component,Code manifestation discovered by RS-R7 inventory: TaskEditor (src/builder/islands/EditorViewerIsland/TaskEditor/TaskEditor.tsx).
MAN-react-component-src-builder-islands-editorviewerisland-taskeditor-tasksection1,Manifestation,proposed,logic-defined,not-assessed,frontend,react-component,Code manifestation discovered by RS-R7 inventory: TaskSection1 (src/builder/islands/EditorViewerIsland/TaskEditor/TaskSection1.tsx).
MAN-react-component-src-builder-islands-editorviewerisland-taskeditor-tasksection3,Manifestation,proposed,logic-defined,not-assessed,frontend,react-component,Code manifestation discovered by RS-R7 inventory: TaskSection3 (src/builder/islands/EditorViewerIsland/TaskEditor/TaskSection3.tsx).
MAN-react-component-src-builder-islands-editorviewerisland-taskeditor-tasksection4,Manifestation,proposed,logic-defined,not-assessed,frontend,react-component,Code manifestation discovered by RS-R7 inventory: TaskSection4 (src/builder/islands/EditorViewerIsland/TaskEditor/TaskSection4.tsx).
MAN-react-component-src-builder-islands-editorviewerisland-unsavedchangesmodal,Manifestation,proposed,logic-defined,not-assessed,frontend,react-component,Code manifestation discovered by RS-R7 inventory: UnsavedChangesModal (src/builder/islands/EditorViewerIsland/UnsavedChangesModal.tsx).
MAN-react-component-src-builder-islands-focusisland-focusisland,Manifestation,proposed,logic-defined,not-assessed,frontend,react-component,Code manifestation discovered by RS-R7 inventory: FocusIsland (src/builder/islands/FocusIsland/FocusIsland.tsx).
MAN-react-component-src-builder-islands-focusisland-options-propertyoption-propertyoption,Manifestation,proposed,logic-defined,not-assessed,frontend,react-component,Code manifestation discovered by RS-R7 inventory: PropertyOption (src/builder/islands/FocusIsland/options/PropertyOption/PropertyOption.tsx).
MAN-react-component-src-builder-islands-focusisland-options-weekoption-weekoption,Manifestation,proposed,logic-defined,not-assessed,frontend,react-component,Code manifestation discovered by RS-R7 inventory: WeekOption (src/builder/islands/FocusIsland/options/WeekOption/WeekOption.tsx).
MAN-react-component-src-builder-islands-headerbrandisland,Manifestation,proposed,logic-defined,not-assessed,frontend,react-component,Code manifestation discovered by RS-R7 inventory: HeaderBrandIsland (src/builder/islands/HeaderBrandIsland.tsx).
MAN-react-component-src-builder-islands-headeruserisland-headeruseractionsmenu,Manifestation,proposed,logic-defined,not-assessed,frontend,react-component,Code manifestation discovered by RS-R7 inventory: HeaderUserActionsMenu (src/builder/islands/HeaderUserIsland/HeaderUserActionsMenu.tsx).
MAN-react-component-src-builder-islands-headeruserisland-headeruserisland,Manifestation,proposed,logic-defined,not-assessed,frontend,react-component,Code manifestation discovered by RS-R7 inventory: HeaderUserIsland (src/builder/islands/HeaderUserIsland/HeaderUserIsland.tsx).
MAN-react-component-src-builder-islands-kanbanbuilderisland-kanbanbuilderisland,Manifestation,proposed,logic-defined,implemented,frontend,react-component,Code manifestation discovered by RS-R7 inventory: KanbanBuilderIsland (src/builder/islands/KanbanBuilderIsland/KanbanBuilderIsland.tsx).
MAN-react-component-src-builder-islands-metadataisland-campaigndetailsgroup,Manifestation,proposed,logic-defined,not-assessed,frontend,react-component,Code manifestation discovered by RS-R7 inventory: CampaignDetailsGroup (src/builder/islands/MetadataIsland/CampaignDetailsGroup.tsx).
MAN-react-component-src-builder-islands-metadataisland-metadatadetailscontent,Manifestation,proposed,logic-defined,not-assessed,frontend,react-component,Code manifestation discovered by RS-R7 inventory: MetadataDetailsContent (src/builder/islands/MetadataIsland/MetadataDetailsContent.tsx).
MAN-react-component-src-builder-islands-metadataisland-metadatafilespopup,Manifestation,proposed,logic-defined,not-assessed,frontend,react-component,Code manifestation discovered by RS-R7 inventory: MetadataFilesPopup (src/builder/islands/MetadataIsland/MetadataFilesPopup.tsx).
MAN-react-component-src-builder-islands-metadataisland-metadataisland,Manifestation,proposed,logic-defined,not-assessed,frontend,react-component,Code manifestation discovered by RS-R7 inventory: MetadataIsland (src/builder/islands/MetadataIsland/MetadataIsland.tsx).
MAN-react-component-src-builder-islands-metadataisland-metadatamodalscontainer,Manifestation,proposed,logic-defined,not-assessed,frontend,react-component,Code manifestation discovered by RS-R7 inventory: MetadataModalsContainer (src/builder/islands/MetadataIsland/MetadataModalsContainer.tsx).
MAN-react-component-src-builder-islands-metadataisland-statusdropdownbadge,Manifestation,proposed,logic-defined,not-assessed,frontend,react-component,Code manifestation discovered by RS-R7 inventory: StatusDropdownBadge (src/builder/islands/MetadataIsland/StatusDropdownBadge.tsx).
MAN-react-component-src-builder-islands-metadataisland-viewtabswitcher,Manifestation,proposed,logic-defined,not-assessed,frontend,react-component,Code manifestation discovered by RS-R7 inventory: ViewTabSwitcher (src/builder/islands/MetadataIsland/ViewTabSwitcher.tsx).
MAN-react-component-src-builder-islands-previewreviewmodal-reviewmodal,Manifestation,proposed,logic-defined,not-assessed,frontend,react-component,Code manifestation discovered by RS-R7 inventory: ReviewModal (src/builder/islands/PreviewReviewModal/ReviewModal.tsx).
MAN-react-component-src-builder-islands-selectionisland-deleteconfirmation,Manifestation,proposed,logic-defined,not-assessed,frontend,react-component,Code manifestation discovered by RS-R7 inventory: DeleteConfirmation (src/builder/islands/SelectionIsland/DeleteConfirmation.tsx).
MAN-react-component-src-builder-islands-selectionisland-selectionbuttons,Manifestation,proposed,logic-defined,not-assessed,frontend,react-component,Code manifestation discovered by RS-R7 inventory: SelectionButtons (src/builder/islands/SelectionIsland/SelectionButtons.tsx).
MAN-react-component-src-builder-islands-selectionisland-selectionisland,Manifestation,proposed,logic-defined,not-assessed,frontend,react-component,Code manifestation discovered by RS-R7 inventory: SelectionIsland (src/builder/islands/SelectionIsland/SelectionIsland.tsx).
MAN-react-component-src-builder-islands-selectionisland-selectionlabel,Manifestation,proposed,logic-defined,not-assessed,frontend,react-component,Code manifestation discovered by RS-R7 inventory: SelectionLabel (src/builder/islands/SelectionIsland/SelectionLabel.tsx).
MAN-react-component-src-builder-islands-taskcreationflow-createcompositionform,Manifestation,proposed,logic-defined,not-assessed,frontend,react-component,Code manifestation discovered by RS-R7 inventory: CreateCompositionForm (src/builder/islands/TaskCreationFlow/CreateCompositionForm.tsx).
MAN-react-component-src-builder-islands-taskcreationflow-step1-selectchannel,Manifestation,proposed,logic-defined,not-assessed,frontend,react-component,Code manifestation discovered by RS-R7 inventory: Step1_SelectChannel (src/builder/islands/TaskCreationFlow/Step1_SelectChannel.tsx).
MAN-react-component-src-builder-islands-taskcreationflow-step2-selectcomposition,Manifestation,proposed,logic-defined,not-assessed,frontend,react-component,Code manifestation discovered by RS-R7 inventory: Step2_SelectComposition (src/builder/islands/TaskCreationFlow/Step2_SelectComposition.tsx).
MAN-react-component-src-builder-islands-taskcreationflow-step3-reviewsubtasks,Manifestation,proposed,logic-defined,not-assessed,frontend,react-component,Code manifestation discovered by RS-R7 inventory: Step3_ReviewSubtasks (src/builder/islands/TaskCreationFlow/Step3_ReviewSubtasks.tsx).
MAN-react-component-src-builder-islands-taskcreationflow-taskcreationflow,Manifestation,proposed,logic-defined,not-assessed,frontend,react-component,Code manifestation discovered by RS-R7 inventory: TaskCreationFlow (src/builder/islands/TaskCreationFlow/TaskCreationFlow.tsx).
MAN-react-component-src-builder-islands-templatepopup-templatepopup,Manifestation,proposed,logic-defined,not-assessed,frontend,react-component,Code manifestation discovered by RS-R7 inventory: TemplatePopup (src/builder/islands/TemplatePopup/TemplatePopup.tsx).
MAN-react-component-src-builder-islands-timelinebuilderisland-timelinebuilderisland,Manifestation,proposed,logic-defined,not-assessed,frontend,react-component,Code manifestation discovered by RS-R7 inventory: TimelineBuilderIsland (src/builder/islands/TimelineBuilderIsland/TimelineBuilderIsland.tsx).
MAN-react-component-src-builder-islands-viewhelperisland-viewcontexttaskitem,Manifestation,proposed,logic-defined,not-assessed,frontend,react-component,Code manifestation discovered by RS-R7 inventory: ViewContextTaskItem (src/builder/islands/ViewHelperIsland/ViewContextTaskItem.tsx).
MAN-react-component-src-builder-islands-viewhelperisland-viewcontexttasklist,Manifestation,proposed,logic-defined,not-assessed,frontend,react-component,Code manifestation discovered by RS-R7 inventory: ViewContextTaskList (src/builder/islands/ViewHelperIsland/ViewContextTaskList.tsx).
MAN-react-component-src-builder-islands-viewhelperisland-viewhelperisland,Manifestation,proposed,logic-defined,not-assessed,frontend,react-component,Code manifestation discovered by RS-R7 inventory: ViewHelperIsland (src/builder/islands/ViewHelperIsland/ViewHelperIsland.tsx).
MAN-react-component-src-builder-stage-stagecore,Manifestation,proposed,logic-defined,not-assessed,frontend,react-component,Code manifestation discovered by RS-R7 inventory: StageCore (src/builder/stage/StageCore.tsx).
MAN-react-component-src-builder-stage-stageedgenavigation,Manifestation,superseded,logic-defined,deprecated,frontend,react-component,Code manifestation discovered by RS-R7 inventory: StageEdgeNavigation (src/builder/stage/StageEdgeNavigation.tsx).
MAN-react-component-src-builder-stage-stageprovider,Manifestation,proposed,logic-defined,not-assessed,frontend,react-component,Code manifestation discovered by RS-R7 inventory: StageProvider (src/builder/stage/StageProvider.tsx).
MAN-react-component-src-builder-stage-views-actiondropzone,Manifestation,proposed,logic-defined,not-assessed,frontend,react-component,Code manifestation discovered by RS-R7 inventory: ActionDropZone (src/builder/stage/views/ActionDropZone.tsx).
MAN-react-component-src-builder-stage-views-daygridcard,Manifestation,proposed,logic-defined,not-assessed,frontend,react-component,Code manifestation discovered by RS-R7 inventory: DayGridCard (src/builder/stage/views/DayGridCard.tsx).
MAN-react-component-src-builder-stage-views-daygridcardcollapsed,Manifestation,proposed,logic-defined,not-assessed,frontend,react-component,Code manifestation discovered by RS-R7 inventory: DayGridCardCollapsed (src/builder/stage/views/DayGridCardCollapsed.tsx).
MAN-react-component-src-builder-stage-views-daygridcardempty,Manifestation,proposed,logic-defined,not-assessed,frontend,react-component,Code manifestation discovered by RS-R7 inventory: DayGridCardEmpty (src/builder/stage/views/DayGridCardEmpty.tsx).
MAN-react-component-src-builder-stage-views-daytaskcreator,Manifestation,proposed,logic-defined,not-assessed,frontend,react-component,Code manifestation discovered by RS-R7 inventory: DayTaskCreator (src/builder/stage/views/DayTaskCreator.tsx).
MAN-react-component-src-builder-stage-views-kanbanhiddendropzones,Manifestation,proposed,logic-defined,not-assessed,frontend,react-component,Code manifestation discovered by RS-R7 inventory: KanbanHiddenDropzones (src/builder/stage/views/KanbanHiddenDropzones.tsx).
MAN-react-component-src-builder-stage-views-kanbanview,Manifestation,proposed,logic-defined,not-assessed,frontend,react-component,Code manifestation discovered by RS-R7 inventory: KanbanView (src/builder/stage/views/KanbanView.tsx).
MAN-react-component-src-builder-stage-views-matrixtimelineheader,Manifestation,proposed,logic-defined,not-assessed,frontend,react-component,Code manifestation discovered by RS-R7 inventory: MatrixTimelineHeader (src/builder/stage/views/MatrixTimelineHeader.tsx).
MAN-react-component-src-builder-stage-views-matrixtimelineview,Manifestation,proposed,logic-defined,not-assessed,frontend,react-component,Code manifestation discovered by RS-R7 inventory: MatrixTimelineView (src/builder/stage/views/MatrixTimelineView.tsx).
MAN-react-component-src-builder-stage-views-monthlyview,Manifestation,proposed,logic-defined,not-assessed,frontend,react-component,Code manifestation discovered by RS-R7 inventory: MonthlyView (src/builder/stage/views/MonthlyView.tsx).
MAN-react-component-src-builder-stage-views-phasedropzone,Manifestation,proposed,logic-defined,not-assessed,frontend,react-component,Code manifestation discovered by RS-R7 inventory: PhaseDropZone (src/builder/stage/views/PhaseDropZone.tsx).
MAN-react-component-src-builder-stage-views-smokestage,Manifestation,proposed,logic-defined,not-assessed,frontend,react-component,Code manifestation discovered by RS-R7 inventory: SmokeStage (src/builder/stage/views/SmokeStage.tsx).
MAN-react-component-src-builder-stage-views-taskdropzone,Manifestation,proposed,logic-defined,not-assessed,frontend,react-component,Code manifestation discovered by RS-R7 inventory: TaskDropZone (src/builder/stage/views/TaskDropZone.tsx).
MAN-react-component-src-builder-stage-views-taskgridmarker,Manifestation,proposed,logic-defined,not-assessed,frontend,react-component,Code manifestation discovered by RS-R7 inventory: TaskGridMarker (src/builder/stage/views/TaskGridMarker.tsx).
MAN-react-component-src-builder-stage-views-timelinecustomedgesensors,Manifestation,superseded,logic-defined,deprecated,frontend,react-component,Code manifestation discovered by RS-R7 inventory: TimelineCustomEdgeSensors (src/builder/stage/views/TimelineCustomEdgeSensors.tsx).
MAN-react-component-src-builder-stage-views-timelinehourcell,Manifestation,proposed,logic-defined,not-assessed,frontend,react-component,Code manifestation discovered by RS-R7 inventory: TimelineHourCell (src/builder/stage/views/TimelineHourCell.tsx).
MAN-react-component-src-builder-stage-views-timelineview,Manifestation,proposed,logic-defined,not-assessed,frontend,react-component,Code manifestation discovered by RS-R7 inventory: TimelineView (src/builder/stage/views/TimelineView.tsx).
MAN-react-component-src-builder-stage-views-weeklyview,Manifestation,proposed,logic-defined,not-assessed,frontend,react-component,Code manifestation discovered by RS-R7 inventory: WeeklyView (src/builder/stage/views/WeeklyView.tsx).
MAN-react-component-src-builder-ui-buttons-inlineislandbutton,Manifestation,proposed,logic-defined,not-assessed,frontend,react-component,Code manifestation discovered by RS-R7 inventory: InlineIslandButton (src/builder/ui/buttons/InlineIslandButton.tsx).
MAN-react-component-src-builder-ui-buttons-islandtogglebutton,Manifestation,proposed,logic-defined,not-assessed,frontend,react-component,Code manifestation discovered by RS-R7 inventory: IslandToggleButton (src/builder/ui/buttons/IslandToggleButton.tsx).
MAN-react-component-src-builder-ui-buttons-menusections,Manifestation,proposed,logic-defined,not-assessed,frontend,react-component,Code manifestation discovered by RS-R7 inventory: MenuSections (src/builder/ui/buttons/MenuSections.tsx).
MAN-react-component-src-builder-ui-feedback-alertmark,Manifestation,proposed,logic-defined,not-assessed,frontend,react-component,Code manifestation discovered by RS-R7 inventory: AlertMark (src/builder/ui/feedback/AlertMark.tsx).
MAN-react-component-src-builder-ui-feedback-readymark,Manifestation,proposed,logic-defined,not-assessed,frontend,react-component,Code manifestation discovered by RS-R7 inventory: ReadyMark (src/builder/ui/feedback/ReadyMark.tsx).
MAN-react-component-src-builder-ui-feedback-validationsummary,Manifestation,proposed,logic-defined,not-assessed,frontend,react-component,Code manifestation discovered by RS-R7 inventory: ValidationSummary (src/builder/ui/feedback/ValidationSummary.tsx).
MAN-react-component-src-builder-ui-forms-channel-channelcompositionfields,Manifestation,proposed,logic-defined,not-assessed,frontend,react-component,Code manifestation discovered by RS-R7 inventory: ChannelCompositionFields (src/builder/ui/forms/channel/ChannelCompositionFields.tsx).
MAN-react-component-src-builder-ui-forms-channel-channelcompositionselect,Manifestation,proposed,logic-defined,not-assessed,frontend,react-component,Code manifestation discovered by RS-R7 inventory: ChannelCompositionSelect (src/builder/ui/forms/channel/ChannelCompositionSelect.tsx).
MAN-react-component-src-builder-ui-forms-channel-compositionlibrarymodal,Manifestation,proposed,logic-defined,not-assessed,frontend,react-component,Code manifestation discovered by RS-R7 inventory: CompositionLibraryModal (src/builder/ui/forms/channel/CompositionLibraryModal.tsx).
MAN-react-component-src-builder-ui-forms-channel-inlinechannelcompositionselector,Manifestation,superseded,logic-defined,deprecated,frontend,react-component,Code manifestation discovered by RS-R7 inventory: InlineChannelCompositionSelector (src/builder/ui/forms/channel/InlineChannelCompositionSelector.tsx).
MAN-react-component-src-builder-ui-forms-channel-registrydirectorymodal,Manifestation,proposed,logic-defined,not-assessed,frontend,react-component,Code manifestation discovered by RS-R7 inventory: RegistryDirectoryModal (src/builder/ui/forms/channel/RegistryDirectoryModal.tsx).
MAN-react-component-src-builder-ui-forms-subtask-quicksubtaskform,Manifestation,proposed,logic-defined,not-assessed,frontend,react-component,Code manifestation discovered by RS-R7 inventory: QuickSubtaskForm (src/builder/ui/forms/subtask/QuickSubtaskForm.tsx).
MAN-react-component-src-builder-ui-modals-approvalconfirmmodal,Manifestation,proposed,logic-defined,not-assessed,frontend,react-component,Code manifestation discovered by RS-R7 inventory: ApprovalConfirmModal (src/builder/ui/modals/ApprovalConfirmModal.tsx).
MAN-react-component-src-builder-ui-modals-importpreviewmodal,Manifestation,proposed,logic-defined,not-assessed,frontend,react-component,Code manifestation discovered by RS-R7 inventory: ImportPreviewModal (src/builder/ui/modals/ImportPreviewModal.tsx).
MAN-react-component-src-builder-ui-modals-quick-edit-quickeditpopover,Manifestation,proposed,logic-defined,not-assessed,frontend,react-component,Code manifestation discovered by RS-R7 inventory: QuickEditPopover (src/builder/ui/modals/quick-edit/QuickEditPopover.tsx).
MAN-react-component-src-builder-ui-modals-quick-edit-quickedittrigger,Manifestation,proposed,logic-defined,not-assessed,frontend,react-component,Code manifestation discovered by RS-R7 inventory: QuickEditTrigger (src/builder/ui/modals/quick-edit/QuickEditTrigger.tsx).
MAN-react-component-src-builder-ui-modals-readiness-check-modal-readinesscheckcontent,Manifestation,proposed,logic-defined,not-assessed,frontend,react-component,Code manifestation discovered by RS-R7 inventory: ReadinessCheckContent (src/builder/ui/modals/readiness-check-modal/ReadinessCheckContent.tsx).
MAN-react-component-src-builder-ui-modals-readiness-check-modal-readinesscheckmodal,Manifestation,proposed,logic-defined,not-assessed,frontend,react-component,Code manifestation discovered by RS-R7 inventory: ReadinessCheckModal (src/builder/ui/modals/readiness-check-modal/ReadinessCheckModal.tsx).
MAN-react-component-src-main,Manifestation,proposed,logic-defined,not-assessed,frontend,react-component,Code manifestation discovered by RS-R7 inventory: main (src/main.tsx).
MAN-react-component-src-pages-home-createversiondialog,Manifestation,approved,logic-defined,implemented,frontend,react-component,HV-1 implementation: MAN-react-component-src-pages-home-createversiondialog
MAN-react-component-src-pages-home-homeactivitypanel,Manifestation,approved,logic-defined,implemented,frontend,react-component,HV-1 implementation: MAN-react-component-src-pages-home-homeactivitypanel
MAN-react-component-src-pages-home-homeanalyticspanel,Manifestation,approved,logic-defined,implemented,frontend,react-component,HV-1 implementation: MAN-react-component-src-pages-home-homeanalyticspanel
MAN-react-component-src-pages-home-homedashboard,Manifestation,approved,logic-defined,implemented,frontend,react-component,HV-1 implementation: MAN-react-component-src-pages-home-homedashboard
MAN-react-component-src-pages-home-homeherobbar,Manifestation,approved,logic-defined,implemented,frontend,react-component,HV-1 implementation: MAN-react-component-src-pages-home-homeherobbar
MAN-react-component-src-pages-home-homepage,Manifestation,approved,logic-defined,implemented,frontend,react-component,Code manifestation discovered by RS-R7 inventory: HomePage (src/pages/home/HomePage.tsx).
MAN-react-component-src-pages-home-homesavedviews,Manifestation,approved,logic-defined,implemented,frontend,react-component,HV-1 implementation: MAN-react-component-src-pages-home-homesavedviews
MAN-react-component-src-pages-home-homesearchfilters,Manifestation,approved,logic-defined,implemented,frontend,react-component,HV-1 implementation: MAN-react-component-src-pages-home-homesearchfilters
MAN-react-component-src-pages-home-homeversioncard,Manifestation,approved,logic-defined,implemented,frontend,react-component,HV-1 implementation: MAN-react-component-src-pages-home-homeversioncard
MAN-react-component-src-pages-home-homeversionlist,Manifestation,approved,logic-defined,implemented,frontend,react-component,HV-1 implementation: MAN-react-component-src-pages-home-homeversionlist
MAN-react-component-src-pages-rootlayout,Manifestation,superseded,logic-defined,deprecated,frontend,react-component,Code manifestation discovered by RS-R7 inventory: RootLayout (src/pages/RootLayout.tsx).
MAN-react-component-src-pages-version-versionpage,Manifestation,proposed,logic-defined,not-assessed,frontend,react-component,Code manifestation discovered by RS-R7 inventory: VersionPage (src/pages/version/VersionPage.tsx).
MAN-react-component-src-router,Manifestation,proposed,logic-defined,not-assessed,frontend,react-component,Code manifestation discovered by RS-R7 inventory: router (src/router.tsx).
MAN-react-component-src-stories-button,Manifestation,proposed,logic-defined,not-assessed,frontend,react-component,Code manifestation discovered by RS-R7 inventory: Button (src/stories/Button.tsx).
MAN-react-component-src-stories-header,Manifestation,proposed,logic-defined,not-assessed,frontend,react-component,Code manifestation discovered by RS-R7 inventory: Header (src/stories/Header.tsx).
MAN-react-component-src-stories-page,Manifestation,proposed,logic-defined,not-assessed,frontend,react-component,Code manifestation discovered by RS-R7 inventory: Page (src/stories/Page.tsx).
MAN-react-component-src-ui-app-shell-pagebrandblock,Manifestation,approved,logic-defined,implemented,frontend,react-component,HV-1 implementation: MAN-react-component-src-ui-app-shell-pagebrandblock
MAN-react-component-src-ui-app-shell-pageuserblock,Manifestation,approved,logic-defined,implemented,frontend,react-component,HV-1 implementation: MAN-react-component-src-ui-app-shell-pageuserblock
MAN-react-component-src-ui-atoms-badge,Manifestation,proposed,logic-defined,not-assessed,frontend,react-component,Code manifestation discovered by RS-R7 inventory: Badge (src/ui/atoms/Badge.tsx).
MAN-react-component-src-ui-atoms-chip,Manifestation,proposed,logic-defined,not-assessed,frontend,react-component,Code manifestation discovered by RS-R7 inventory: Chip (src/ui/atoms/Chip.tsx).
MAN-react-component-src-ui-atoms-input,Manifestation,proposed,logic-defined,not-assessed,frontend,react-component,Code manifestation discovered by RS-R7 inventory: Input (src/ui/atoms/Input.tsx).
MAN-react-component-src-ui-atoms-togglegroup,Manifestation,proposed,logic-defined,not-assessed,frontend,react-component,Code manifestation discovered by RS-R7 inventory: ToggleGroup (src/ui/atoms/ToggleGroup.tsx).
MAN-react-component-src-ui-auth-loginredirect,Manifestation,superseded,logic-defined,deprecated,security,react-component,Code manifestation discovered by RS-R7 inventory: LoginRedirect (src/ui/auth/LoginRedirect.tsx).
MAN-react-component-src-ui-auth-noaccessscreen,Manifestation,superseded,logic-defined,deprecated,security,react-component,Code manifestation discovered by RS-R7 inventory: NoAccessScreen (src/ui/auth/NoAccessScreen.tsx).
MAN-react-component-src-ui-auth-routeguard,Manifestation,proposed,logic-defined,not-assessed,security,react-component,Code manifestation discovered by RS-R7 inventory: RouteGuard (src/ui/auth/RouteGuard.tsx).
MAN-react-component-src-ui-builderbg-builderbg,Manifestation,proposed,logic-defined,not-assessed,frontend,react-component,Code manifestation discovered by RS-R7 inventory: BuilderBg (src/ui/BuilderBg/BuilderBg.tsx).
MAN-react-component-src-ui-builderbg-lightrays,Manifestation,proposed,logic-defined,not-assessed,frontend,react-component,Code manifestation discovered by RS-R7 inventory: LightRays (src/ui/BuilderBg/LightRays.tsx).
MAN-react-component-src-ui-dividerline,Manifestation,superseded,logic-defined,deprecated,frontend,react-component,Code manifestation discovered by RS-R7 inventory: DividerLine (src/ui/DividerLine.tsx).
MAN-react-component-src-ui-forms-date-calendargrid,Manifestation,proposed,logic-defined,not-assessed,frontend,react-component,Code manifestation discovered by RS-R7 inventory: CalendarGrid (src/ui/forms/date/CalendarGrid.tsx).
MAN-react-component-src-ui-forms-date-communicationdatefield,Manifestation,superseded,logic-defined,deprecated,frontend,react-component,Code manifestation discovered by RS-R7 inventory: CommunicationDateField (src/ui/forms/date/CommunicationDateField.tsx).
MAN-react-component-src-ui-forms-date-datepickerpopup,Manifestation,proposed,logic-defined,not-assessed,frontend,react-component,Code manifestation discovered by RS-R7 inventory: DatePickerPopup (src/ui/forms/date/DatePickerPopup.tsx).
MAN-react-component-src-ui-forms-date-datepickertoggle,Manifestation,proposed,logic-defined,not-assessed,frontend,react-component,Code manifestation discovered by RS-R7 inventory: DatePickerToggle (src/ui/forms/date/DatePickerToggle.tsx).
MAN-react-component-src-ui-forms-date-linkeddategrid,Manifestation,proposed,logic-defined,not-assessed,frontend,react-component,Code manifestation discovered by RS-R7 inventory: LinkedDateGrid (src/ui/forms/date/LinkedDateGrid.tsx).
MAN-react-component-src-ui-forms-inputs-listinputlines,Manifestation,proposed,logic-defined,not-assessed,frontend,react-component,Code manifestation discovered by RS-R7 inventory: ListInputLines (src/ui/forms/inputs/ListInputLines.tsx).
MAN-react-component-src-ui-forms-inputs-specsinput,Manifestation,proposed,logic-defined,not-assessed,frontend,react-component,Code manifestation discovered by RS-R7 inventory: SpecsInput (src/ui/forms/inputs/SpecsInput.tsx).
MAN-react-component-src-ui-forms-selects-completionstateselect,Manifestation,superseded,logic-defined,deprecated,frontend,react-component,Code manifestation discovered by RS-R7 inventory: CompletionStateSelect (src/ui/forms/selects/CompletionStateSelect.tsx).
MAN-react-component-src-ui-forms-selects-select,Manifestation,proposed,logic-defined,not-assessed,frontend,react-component,Code manifestation discovered by RS-R7 inventory: Select (src/ui/forms/selects/Select.tsx).
MAN-react-component-src-ui-motion-effectlayer,Manifestation,proposed,logic-defined,implemented,frontend,react-component,Code manifestation discovered by RS-R7 inventory: EffectLayer (src/ui/motion/EffectLayer.tsx).
MAN-react-component-src-ui-popovershell,Manifestation,superseded,logic-defined,deprecated,frontend,react-component,Code manifestation discovered by RS-R7 inventory: PopoverShell (src/ui/PopoverShell.tsx).
MAN-react-component-src-ui-shadcn-button,Manifestation,proposed,logic-defined,not-assessed,frontend,react-component,Code manifestation discovered by RS-R7 inventory: button (src/ui/shadcn/button.tsx).
MAN-react-component-src-ui-stickypopupshell,Manifestation,superseded,logic-defined,deprecated,frontend,react-component,Code manifestation discovered by RS-R7 inventory: StickyPopupShell (src/ui/StickyPopupShell.tsx).
MAN-react-component-src-ui-surfaces-glasssurface,Manifestation,proposed,logic-defined,not-assessed,frontend,react-component,Code manifestation discovered by RS-R7 inventory: GlassSurface (src/ui/surfaces/GlassSurface.tsx).
MAN-react-component-stagecore-stagecore,Manifestation,superseded,logic-defined,deprecated,frontend,react-component,Code manifestation discovered by RS-R7 inventory: StageCore (src/builder/stage/StageCore.tsx).
MAN-react-component-stageedgenavigation-stageedgenavigation,Manifestation,proposed,logic-defined,not-assessed,frontend,react-component,Code manifestation discovered by RS-R7 inventory: StageEdgeNavigation (src/builder/stage/StageEdgeNavigation.tsx).
MAN-react-component-stageprovider-stageprovider,Manifestation,superseded,logic-defined,deprecated,frontend,react-component,Code manifestation discovered by RS-R7 inventory: StageProvider (src/builder/stage/StageProvider.tsx).
MAN-react-component-statusdropdownbadge-statusdropdownbadge,Manifestation,superseded,logic-defined,deprecated,frontend,react-component,Code manifestation discovered by RS-R7 inventory: StatusDropdownBadge (src/builder/islands/MetadataIsland/StatusDropdownBadge.tsx).
MAN-react-component-step1-selectchannel-step1selectchannel,Manifestation,proposed,logic-defined,not-assessed,frontend,react-component,Code manifestation discovered by RS-R7 inventory: Step1SelectChannel (src/builder/islands/TaskCreationFlow/Step1_SelectChannel.tsx).
MAN-react-component-step2-selectcomposition-step2selectcomposition,Manifestation,proposed,logic-defined,not-assessed,frontend,react-component,Code manifestation discovered by RS-R7 inventory: Step2SelectComposition (src/builder/islands/TaskCreationFlow/Step2_SelectComposition.tsx).
MAN-react-component-step3-reviewsubtasks-step3reviewsubtasks,Manifestation,proposed,logic-defined,not-assessed,frontend,react-component,Code manifestation discovered by RS-R7 inventory: Step3ReviewSubtasks (src/builder/islands/TaskCreationFlow/Step3_ReviewSubtasks.tsx).
MAN-react-component-stickypopupshell-stickypopupshell,Manifestation,proposed,logic-defined,not-assessed,frontend,react-component,Code manifestation discovered by RS-R7 inventory: StickyPopupShell (src/ui/StickyPopupShell.tsx).
MAN-react-component-taskbentogrid-taskbentogrid,Manifestation,superseded,logic-defined,deprecated,frontend,react-component,Code manifestation discovered by RS-R7 inventory: TaskBentoGrid (src/builder/cards/templates/phase/TaskBentoGrid.tsx).
MAN-react-component-taskcard-taskcard,Manifestation,superseded,logic-defined,deprecated,frontend,react-component,Code manifestation discovered by RS-R7 inventory: TaskCard (src/builder/cards/templates/task/TaskCard.tsx).
MAN-react-component-taskcardpopovers-taskcardpopovers,Manifestation,superseded,logic-defined,deprecated,frontend,react-component,Code manifestation discovered by RS-R7 inventory: TaskCardPopovers (src/builder/cards/templates/task/task-properties/TaskCardPopovers.tsx).
MAN-react-component-taskcreationflow-taskcreationflow,Manifestation,superseded,logic-defined,deprecated,frontend,react-component,Code manifestation discovered by RS-R7 inventory: TaskCreationFlow (src/builder/islands/TaskCreationFlow/TaskCreationFlow.tsx).
MAN-react-component-taskdropzone-taskdropzone,Manifestation,superseded,logic-defined,deprecated,frontend,react-component,Code manifestation discovered by RS-R7 inventory: TaskDropZone (src/builder/stage/views/TaskDropZone.tsx).
MAN-react-component-taskeditor-taskeditor,Manifestation,superseded,logic-defined,deprecated,frontend,react-component,Code manifestation discovered by RS-R7 inventory: TaskEditor (src/builder/islands/EditorViewerIsland/TaskEditor/TaskEditor.tsx).
MAN-react-component-taskgridmarker-taskgridmarker,Manifestation,superseded,logic-defined,deprecated,frontend,react-component,Code manifestation discovered by RS-R7 inventory: TaskGridMarker (src/builder/stage/views/TaskGridMarker.tsx).
MAN-react-component-taskproperties-taskproperties,Manifestation,superseded,logic-defined,deprecated,frontend,react-component,Code manifestation discovered by RS-R7 inventory: TaskProperties (src/builder/cards/templates/task/task-properties/TaskProperties.tsx).
MAN-react-component-taskreadonlypopup-taskreadonlypopup,Manifestation,superseded,logic-defined,deprecated,frontend,react-component,Code manifestation discovered by RS-R7 inventory: TaskReadOnlyPopup (src/builder/cards/templates/task/TaskReadOnlyPopup.tsx).
MAN-react-component-tasksection1-tasksection1,Manifestation,superseded,logic-defined,deprecated,frontend,react-component,Code manifestation discovered by RS-R7 inventory: TaskSection1 (src/builder/islands/EditorViewerIsland/TaskEditor/TaskSection1.tsx).
MAN-react-component-tasksection3-tasksection3,Manifestation,superseded,logic-defined,deprecated,frontend,react-component,Code manifestation discovered by RS-R7 inventory: TaskSection3 (src/builder/islands/EditorViewerIsland/TaskEditor/TaskSection3.tsx).
MAN-react-component-tasksection4-tasksection4,Manifestation,superseded,logic-defined,deprecated,frontend,react-component,Code manifestation discovered by RS-R7 inventory: TaskSection4 (src/builder/islands/EditorViewerIsland/TaskEditor/TaskSection4.tsx).
MAN-react-component-templatepopup-templatepopup,Manifestation,superseded,logic-defined,deprecated,frontend,react-component,Code manifestation discovered by RS-R7 inventory: TemplatePopup (src/builder/islands/TemplatePopup/TemplatePopup.tsx).
MAN-react-component-timelinebuilderisland-timelinebuilderisland,Manifestation,superseded,logic-defined,deprecated,frontend,react-component,Code manifestation discovered by RS-R7 inventory: TimelineBuilderIsland (src/builder/islands/TimelineBuilderIsland/TimelineBuilderIsland.tsx).
MAN-react-component-timelinecustomedgesensors-timelinecustomedgesensors,Manifestation,proposed,logic-defined,not-assessed,frontend,react-component,Code manifestation discovered by RS-R7 inventory: TimelineCustomEdgeSensors (src/builder/stage/views/TimelineCustomEdgeSensors.tsx).
MAN-react-component-timelinehourcell-timelinehourcell,Manifestation,superseded,logic-defined,deprecated,frontend,react-component,Code manifestation discovered by RS-R7 inventory: TimelineHourCell (src/builder/stage/views/TimelineHourCell.tsx).
MAN-react-component-timelineview-timelineview,Manifestation,superseded,logic-defined,deprecated,frontend,react-component,Code manifestation discovered by RS-R7 inventory: TimelineView (src/builder/stage/views/TimelineView.tsx).
MAN-react-component-togglegroup-togglegroup,Manifestation,superseded,logic-defined,deprecated,frontend,react-component,Code manifestation discovered by RS-R7 inventory: ToggleGroup (src/ui/atoms/ToggleGroup.tsx).
MAN-react-component-unsavedchangesmodal-unsavedchangesmodal,Manifestation,superseded,logic-defined,deprecated,frontend,react-component,Code manifestation discovered by RS-R7 inventory: UnsavedChangesModal (src/builder/islands/EditorViewerIsland/UnsavedChangesModal.tsx).
MAN-react-component-validationsummary-validationsummary,Manifestation,superseded,logic-defined,deprecated,frontend,react-component,Code manifestation discovered by RS-R7 inventory: ValidationSummary (src/builder/ui/feedback/ValidationSummary.tsx).
MAN-react-component-versionpage-versionpage,Manifestation,superseded,logic-defined,deprecated,frontend,react-component,Code manifestation discovered by RS-R7 inventory: VersionPage (src/pages/version/VersionPage.tsx).
MAN-react-component-viewcontexttaskitem-viewcontexttaskitem,Manifestation,superseded,logic-defined,deprecated,frontend,react-component,Code manifestation discovered by RS-R7 inventory: ViewContextTaskItem (src/builder/islands/ViewHelperIsland/ViewContextTaskItem.tsx).
MAN-react-component-viewcontexttasklist-viewcontexttasklist,Manifestation,superseded,logic-defined,deprecated,frontend,react-component,Code manifestation discovered by RS-R7 inventory: ViewContextTaskList (src/builder/islands/ViewHelperIsland/ViewContextTaskList.tsx).
MAN-react-component-viewhelperisland-viewhelperisland,Manifestation,superseded,logic-defined,deprecated,frontend,react-component,Code manifestation discovered by RS-R7 inventory: ViewHelperIsland (src/builder/islands/ViewHelperIsland/ViewHelperIsland.tsx).
MAN-react-component-viewtabswitcher-viewtabswitcher,Manifestation,superseded,logic-defined,deprecated,frontend,react-component,Code manifestation discovered by RS-R7 inventory: ViewTabSwitcher (src/builder/islands/MetadataIsland/ViewTabSwitcher.tsx).
MAN-react-component-weeklyview-weeklyview,Manifestation,superseded,logic-defined,deprecated,frontend,react-component,Code manifestation discovered by RS-R7 inventory: WeeklyView (src/builder/stage/views/WeeklyView.tsx).
MAN-react-component-weekoption-weekoption,Manifestation,superseded,logic-defined,deprecated,frontend,react-component,Code manifestation discovered by RS-R7 inventory: WeekOption (src/builder/islands/FocusIsland/options/WeekOption/WeekOption.tsx).
